iter,average value,advantage gap
1,-6.868268e+00,4.568021e+00
2,-2.528469e+02,1.580886e-01
3,-2.533919e+02,2.557954e-13
3,-2.533919e+02,2.557954e-13
