iter,average value,advantage gap
1,-1.045126e+01,6.246169e+00
2,-2.483017e+02,1.991466e-01
3,-2.489139e+02,2.273737e-13
3,-2.489139e+02,2.273737e-13
