iter,average value,advantage gap
1,-1.554036e+01,6.233425e+00
2,-2.567090e+02,1.076616e-01
3,-2.569759e+02,2.273737e-13
3,-2.569759e+02,2.273737e-13
