iter,average value,advantage gap
1,-1.298582e+01,5.522561e+00
2,-2.475760e+02,1.799606e-01
3,-2.480302e+02,2.273737e-13
3,-2.480302e+02,2.273737e-13
