iter,average value,advantage gap
1,1.935121e+01,5.195941e+00
2,-2.480760e+02,1.001770e-01
3,-2.484521e+02,1.705303e-13
3,-2.484521e+02,1.705303e-13
