iter,average value,advantage gap
1,1.348693e+01,5.793078e+00
2,-2.518668e+02,1.210480e-01
3,-2.520538e+02,3.126388e-13
3,-2.520538e+02,3.126388e-13
