iter,average value,advantage gap
1,5.009536e+00,5.216476e+00
2,-2.487175e+02,1.011071e-01
3,-2.491368e+02,1.705303e-13
3,-2.491368e+02,1.705303e-13
