iter,average value,advantage gap
1,1.146048e+01,5.502174e+00
2,-2.530486e+02,1.571569e-01
3,-2.536959e+02,1.705303e-13
3,-2.536959e+02,1.705303e-13
