iter,average value,advantage gap
1,-1.318558e+01,5.101709e+00
2,-2.528006e+02,1.322506e-01
3,-2.530923e+02,2.273737e-13
3,-2.530923e+02,2.273737e-13
