iter,average value,advantage gap,greedy advantage gap
1,-2.477641e-02,3.729749e+00,3.552714e-15
1,-2.494541e+01,3.729749e+00,3.552714e-15
