iter,average value,advantage gap,greedy advantage gap
1,1.597856e-01,4.266840e+00,7.105427e-15
1,-2.502965e+01,4.266840e+00,7.105427e-15
