iter,average value,advantage gap,greedy advantage gap
1,-4.884011e-02,4.587732e+00,7.105427e-15
1,-2.490929e+01,4.587732e+00,7.105427e-15
