iter,average value,advantage gap,greedy advantage gap
1,-1.398593e-01,3.452881e+00,3.552714e-15
1,-2.549079e+01,3.452881e+00,3.552714e-15
