iter,average value,advantage gap
1,-6.868828e+01,4.569065e+00
2,-2.528498e+03,1.586206e-01
3,-2.533957e+03,2.273737e-12
3,-2.533957e+03,2.273737e-12
