iter,average value,advantage gap
1,1.934796e+02,5.195256e+00
2,-2.477006e+03,2.664152e-01
3,-2.484531e+03,2.273737e-12
3,-2.484531e+03,2.273737e-12
