iter,average value,advantage gap
1,1.349146e+02,5.793685e+00
2,-2.518709e+03,1.210529e-01
3,-2.520586e+03,2.728484e-12
3,-2.520586e+03,2.728484e-12
