iter,average value,advantage gap
1,1.145944e+02,5.503575e+00
2,-2.530511e+03,1.573185e-01
3,-2.536997e+03,2.273737e-12
3,-2.536997e+03,2.273737e-12
