iter,average value,advantage gap
1,5.011123e+01,5.215797e+00
2,-2.487201e+03,1.012391e-01
3,-2.491403e+03,2.273737e-12
3,-2.491403e+03,2.273737e-12
