iter,average value,advantage gap
1,-1.318251e+02,5.103595e+00
2,-2.527987e+03,1.325256e-01
3,-2.530904e+03,2.728484e-12
3,-2.530904e+03,2.728484e-12
