iter,average value,advantage gap
1,-1.554512e+02,6.233130e+00
2,-2.567089e+03,1.081150e-01
3,-2.569771e+03,1.818989e-12
3,-2.569771e+03,1.818989e-12
