iter,average value,advantage gap
1,-1.044884e+02,6.246585e+00
2,-2.483005e+03,1.993504e-01
3,-2.489141e+03,2.273737e-12
3,-2.489141e+03,2.273737e-12
