iter,average value,advantage gap
1,1.763930e+00,5.833471e+00
2,-2.494481e+01,5.893535e-03
3,-2.494541e+01,3.552714e-15
3,-2.494541e+01,3.552714e-15
