iter,average value,advantage gap
1,1.109236e-01,5.377778e+00
2,-2.559597e+01,5.964067e-05
3,-2.559597e+01,7.105427e-15
3,-2.559597e+01,7.105427e-15
