iter,average value,advantage gap
1,-2.065150e+00,5.517953e+00
2,-2.452892e+01,7.105427e-15
2,-2.452892e+01,7.105427e-15
