iter,average value,advantage gap
1,2.946311e-01,4.830563e+00
2,-2.490892e+01,3.710367e-03
3,-2.490929e+01,7.105427e-15
3,-2.490929e+01,7.105427e-15
