iter,average value,advantage gap
1,-8.934506e-02,5.369389e+00
2,-2.502965e+01,7.105427e-15
2,-2.502965e+01,7.105427e-15
