iter,average value,advantage gap
1,1.601823e+00,6.038414e+00
2,-2.471390e+01,1.659323e-03
3,-2.471407e+01,7.105427e-15
3,-2.471407e+01,7.105427e-15
