iter,average value,advantage gap
1,-1.526246e+00,5.201643e+00
2,-2.497848e+01,7.811756e-03
3,-2.497926e+01,7.105427e-15
3,-2.497926e+01,7.105427e-15
