iter,average value,advantage gap
1,-6.012519e-01,5.737306e+00
2,-2.546992e+01,7.105427e-15
2,-2.546992e+01,7.105427e-15
