iter,average value,advantage gap
1,-1.857925e+00,5.141937e+00
2,-2.506004e+01,1.381720e-02
3,-2.506141e+01,7.105427e-15
3,-2.506141e+01,7.105427e-15
