iter,average value,advantage gap
1,3.157757e-01,5.332047e+00
2,-2.549079e+01,3.552714e-15
2,-2.549079e+01,3.552714e-15
