iter,average value,advantage gap
1,-1.321602e+00,5.082888e+00
2,-2.528197e+01,1.295144e-01
3,-2.531114e+01,2.486900e-14
3,-2.531114e+01,2.486900e-14
