iter,average value,advantage gap
1,1.147084e+00,5.488254e+00
2,-2.533579e+01,1.270295e-01
3,-2.536577e+01,2.131628e-14
3,-2.536577e+01,2.131628e-14
