iter,average value,advantage gap
1,-1.299244e+00,5.524314e+00
2,-2.475545e+01,1.767759e-01
3,-2.479975e+01,2.131628e-14
3,-2.479975e+01,2.131628e-14
