iter,average value,advantage gap
1,-1.047509e+00,6.242013e+00
2,-2.483138e+01,1.971096e-01
3,-2.489122e+01,2.131628e-14
3,-2.489122e+01,2.131628e-14
