iter,average value,advantage gap
1,7.959998e-01,6.603618e+00
2,-2.588054e+01,9.542557e-02
3,-2.590771e+01,2.131628e-14
3,-2.590771e+01,2.131628e-14
