iter,average value,advantage gap
1,-6.862615e-01,4.557553e+00
2,-2.529398e+01,1.529817e-01
3,-2.533533e+01,2.486900e-14
3,-2.533533e+01,2.486900e-14
