iter,average value,advantage gap
1,4.993582e-01,5.223247e+00
2,-2.486919e+01,9.979595e-02
3,-2.491014e+01,1.776357e-14
3,-2.491014e+01,1.776357e-14
