iter,average value,advantage gap
1,1.938397e+00,5.202827e+00
2,-2.482496e+01,5.516752e-02
3,-2.484415e+01,1.776357e-14
3,-2.484415e+01,1.776357e-14
