iter,average value,advantage gap
1,-1.549271e+00,6.236355e+00
2,-2.567102e+01,1.031376e-01
3,-2.569633e+01,2.131628e-14
3,-2.569633e+01,2.131628e-14
