iter,average value,advantage gap
1,4.549359e+00,4.914232e+00
2,-2.488000e+02,8.060093e-02
3,-2.491467e+02,5.684342e-14
3,-2.491467e+02,5.684342e-14
