iter,average value,advantage gap
1,-1.162971e+00,5.363639e+00
2,-2.501713e+02,1.409280e-01
3,-2.504979e+02,5.684342e-14
3,-2.504979e+02,5.684342e-14
