iter,average value,advantage gap
1,1.684550e+01,6.003354e+00
2,-2.469337e+02,6.597373e-02
3,-2.470863e+02,5.684342e-14
3,-2.470863e+02,5.684342e-14
