iter,average value,advantage gap
1,-2.013078e+01,5.833495e+00
2,-2.453144e+02,2.509940e-01
3,-2.458279e+02,5.684342e-14
3,-2.458279e+02,5.684342e-14
