iter,average value,advantage gap
1,-6.118044e+00,5.950160e+00
2,-2.543848e+02,4.830479e-01
3,-2.550823e+02,5.684342e-14
3,-2.550823e+02,5.684342e-14
