iter,average value,advantage gap
1,1.698278e-01,5.325017e+00
2,-2.552684e+02,1.264811e-01
3,-2.556372e+02,5.684342e-14
3,-2.556372e+02,5.684342e-14
