iter,average value,advantage gap
1,-1.898933e+01,5.171563e+00
2,-2.496035e+02,1.559135e-01
3,-2.505050e+02,5.684342e-14
3,-2.505050e+02,5.684342e-14
