iter,average value,advantage gap
1,-1.581552e+01,5.410697e+00
2,-2.495285e+02,1.319621e-01
3,-2.498705e+02,5.684342e-14
3,-2.498705e+02,5.684342e-14
