iter,average value,advantage gap
1,3.513044e+00,5.297711e+00
2,-2.537803e+02,2.003850e-01
3,-2.546736e+02,5.684342e-14
3,-2.546736e+02,5.684342e-14
