iter,average value,advantage gap,greedy advantage gap
1,-1.409544e+00,3.449783e+00,5.684342e-14
1,-2.546736e+02,3.449783e+00,5.684342e-14
