iter,average value,advantage gap,greedy advantage gap
1,1.737765e-01,4.102927e+00,7.105427e-15
1,-2.546992e+01,4.102927e+00,7.105427e-15
