iter,average value,advantage gap,greedy advantage gap
1,-3.696955e-02,3.674865e+00,7.105427e-15
1,-2.452892e+01,3.674865e+00,7.105427e-15
